frame,timestamp,wall_clock_time,gesture,confidence,threshold,raw_gesture
0,0.0,0.46276211738586426,NoGesture,0.0,0.7,NoGesture
1,0.05,0.5527667999267578,NoGesture,0.0,0.7,NoGesture
2,0.1,0.5837757587432861,NoGesture,0.0,0.7,NoGesture
3,0.15,0.616774320602417,NoGesture,0.0,0.7,NoGesture
4,0.2,0.645775556564331,NOGESTURE,0.7265304159090665,0.7,NOGESTURE
5,0.25,0.6787641048431396,NOGESTURE,0.7903265213309891,0.7,NOGESTURE
6,0.3,0.7217628955841064,NOGESTURE,0.7475443652710146,0.7,NOGESTURE
7,0.35,0.7717630863189697,NOGESTURE,0.7258022989487806,0.7,NOGESTURE
8,0.4,0.8207616806030273,NoGesture,0.0,0.7,NoGesture
9,0.45,0.8607625961303711,NoGesture,0.0,0.7,NoGesture
10,0.5,0.909761905670166,NOGESTURE,0.8626337503050665,0.7,NOGESTURE
11,0.55,0.9557621479034424,NOGESTURE,0.7498266279855538,0.7,NOGESTURE
12,0.6,1.0027623176574707,NOGESTURE,0.716995021190994,0.7,NOGESTURE
13,0.65,1.048407793045044,NoGesture,0.0,0.7,NoGesture
14,0.7,1.0954077243804932,NOGESTURE,0.7479617083971781,0.7,NOGESTURE
15,0.75,1.1434071063995361,NOGESTURE,0.778011770283936,0.7,NOGESTURE
16,0.8,1.1914067268371582,NOGESTURE,0.8452079770287696,0.7,NOGESTURE
17,0.85,1.2394068241119385,NOGESTURE,0.7469860611602116,0.7,NOGESTURE
18,0.9,1.2854065895080566,NOGESTURE,0.7622479663259165,0.7,NOGESTURE
19,0.95,1.333406925201416,NOGESTURE,0.7540094618546763,0.7,NOGESTURE
20,1.0,1.3814082145690918,NOGESTURE,0.7585254565866082,0.7,NOGESTURE
21,1.05,1.4274070262908936,NOGESTURE,0.703586365968052,0.7,NOGESTURE
22,1.1,1.475407361984253,NOGESTURE,0.7726104966255481,0.7,NOGESTURE
23,1.15,1.5234074592590332,NOGESTURE,0.7629345848027301,0.7,NOGESTURE
24,1.2,1.5714080333709717,NOGESTURE,0.7622327213147997,0.7,NOGESTURE
25,1.25,1.6184070110321045,NOGESTURE,0.7958498704319996,0.7,NOGESTURE
26,1.3,1.6664068698883057,NOGESTURE,0.8114141320474083,0.7,NOGESTURE
27,1.35,1.7134065628051758,NoGesture,0.0,0.7,NoGesture
28,1.4,1.7604074478149414,NOGESTURE,0.7209419590256653,0.7,NOGESTURE
29,1.45,1.8074069023132324,NOGESTURE,0.7494083297231876,0.7,NOGESTURE
30,1.5,1.8544068336486816,NOGESTURE,0.7555769159822356,0.7,NOGESTURE
31,1.55,1.9014067649841309,NOGESTURE,0.7467323079669359,0.7,NOGESTURE
32,1.6,1.9494068622589111,NoGesture,0.0,0.7,NoGesture
33,1.65,1.9974069595336914,NoGesture,0.0,0.7,NoGesture
34,1.7,2.0474061965942383,NOGESTURE,0.755977837636707,0.7,NOGESTURE
35,1.75,2.0934078693389893,NOGESTURE,0.7252736782016002,0.7,NOGESTURE
36,1.8,2.141408920288086,NOGESTURE,0.725496960778847,0.7,NOGESTURE
37,1.85,2.1884069442749023,NOGESTURE,0.7761087552737943,0.7,NOGESTURE
38,1.9,2.23640775680542,NOGESTURE,0.770659420016403,0.7,NOGESTURE
39,1.95,2.28240704536438,NOGESTURE,0.7371689021884075,0.7,NOGESTURE
40,2.0,2.3294074535369873,NOGESTURE,0.7292610043513028,0.7,NOGESTURE
41,2.05,2.3774077892303467,NoGesture,0.0,0.7,NoGesture
42,2.1,2.4144062995910645,NoGesture,0.0,0.7,NoGesture
43,2.15,2.4584062099456787,NoGesture,0.0,0.7,NoGesture
44,2.2,2.5034070014953613,NoGesture,0.0,0.7,NoGesture
45,2.25,2.549408435821533,NoGesture,0.0,0.7,NoGesture
46,2.3,2.597407102584839,NoGesture,0.0,0.7,NoGesture
47,2.35,2.6454074382781982,NOGESTURE,0.7110409179511836,0.7,NOGESTURE
48,2.4,2.6934096813201904,NOGESTURE,0.762929210426528,0.7,NOGESTURE
49,2.45,2.741408348083496,NOGESTURE,0.7842323988856289,0.7,NOGESTURE
50,2.5,2.788407564163208,NOGESTURE,0.8648159602040313,0.7,NOGESTURE
51,2.55,2.8354074954986572,NoGesture,0.0,0.7,NoGesture
52,2.6,2.891406297683716,NOGESTURE,0.7974967720027545,0.7,NOGESTURE
53,2.65,2.9314074516296387,NOGESTURE,0.7385934380277213,0.7,NOGESTURE
54,2.7,2.9784083366394043,NOGESTURE,0.7522796949780918,0.7,NOGESTURE
55,2.75,3.025407075881958,NOGESTURE,0.7132127687516766,0.7,NOGESTURE
56,2.8,3.0714077949523926,NOGESTURE,0.7117233417896909,0.7,NOGESTURE
57,2.85,3.11787486076355,NoGesture,0.0,0.7,NoGesture
58,2.9,3.163207530975342,NoGesture,0.0,0.7,NoGesture
59,2.95,3.209205150604248,NOGESTURE,0.8616585122752338,0.7,NOGESTURE
60,3.0,3.256204605102539,NOGESTURE,0.7705394054371433,0.7,NOGESTURE
61,3.05,3.3042051792144775,NOGESTURE,0.8310472016275575,0.7,NOGESTURE
62,3.1,3.3542046546936035,NoGesture,0.0,0.7,NoGesture
63,3.15,3.399205207824707,NOGESTURE,0.8189037734926586,0.7,NOGESTURE
64,3.2,3.4452056884765625,NOGESTURE,0.8260745479013867,0.7,NOGESTURE
65,3.25,3.4902055263519287,NoGesture,0.0,0.7,NoGesture
66,3.3,3.536205291748047,NOGESTURE,0.7354230329048199,0.7,NOGESTURE
67,3.35,3.582205057144165,NoGesture,0.0,0.7,NoGesture
68,3.4,3.6302053928375244,NoGesture,0.0,0.7,NoGesture
69,3.45,3.6762051582336426,NOGESTURE,0.789390179414156,0.7,NOGESTURE
70,3.5,3.723205089569092,NOGESTURE,0.824277029821127,0.7,NOGESTURE
71,3.55,3.771204948425293,NOGESTURE,0.7612890182132735,0.7,NOGESTURE
72,3.6,3.818204879760742,NOGESTURE,0.7469831840011996,0.7,NOGESTURE
73,3.65,3.8652048110961914,NOGESTURE,0.8496891348208567,0.7,NOGESTURE
74,3.7,3.911205768585205,NOGESTURE,0.7550715165481665,0.7,NOGESTURE
75,3.75,3.959205389022827,NOGESTURE,0.7950492004005181,0.7,NOGESTURE
76,3.8,4.006205081939697,NoGesture,0.0,0.7,NoGesture
77,3.85,4.0542051792144775,NoGesture,0.0,0.7,NoGesture
78,3.9,4.1022047996521,NOGESTURE,0.8366722344099132,0.7,NOGESTURE
79,3.95,4.150205135345459,NOGESTURE,0.758421835170634,0.7,NOGESTURE
80,4.0,4.198205947875977,NOGESTURE,0.7011653287192939,0.7,NOGESTURE
81,4.05,4.24620509147644,NOGESTURE,0.7792699200754031,0.7,NOGESTURE
82,4.1,4.294206142425537,NOGESTURE,0.7919707551896604,0.7,NOGESTURE
83,4.15,4.342205047607422,NOGESTURE,0.8429189461758576,0.7,NOGESTURE
84,4.2,4.390204906463623,NOGESTURE,0.7988779643388088,0.7,NOGESTURE
85,4.25,4.438204765319824,NOGESTURE,0.7759155138625593,0.7,NOGESTURE
86,4.3,4.485205888748169,NOGESTURE,0.7366704981716663,0.7,NOGESTURE
87,4.35,4.531205415725708,NoGesture,0.0,0.7,NoGesture
88,4.4,4.579205751419067,NOGESTURE,0.8039123468080323,0.7,NOGESTURE
89,4.45,4.627206087112427,NOGESTURE,0.7121631064678894,0.7,NOGESTURE
90,4.5,4.6742048263549805,NOGESTURE,0.7745149549912655,0.7,NOGESTURE
91,4.55,4.720204591751099,NOGESTURE,0.7760242022911321,0.7,NOGESTURE
92,4.6,4.768204927444458,NOGESTURE,0.844324552764137,0.7,NOGESTURE
93,4.65,4.8152055740356445,NoGesture,0.0,0.7,NoGesture
94,4.7,4.861206769943237,NOGESTURE,0.7259965500389067,0.7,NOGESTURE
95,4.75,4.909204721450806,NoGesture,0.0,0.7,NoGesture
96,4.8,4.956204652786255,NoGesture,0.0,0.7,NoGesture
97,4.85,5.003205060958862,NoGesture,0.0,0.7,NoGesture
98,4.9,5.049206018447876,NoGesture,0.0,0.7,NoGesture
99,4.95,5.09720516204834,NOGESTURE,0.83966741439735,0.7,NOGESTURE
100,5.0,5.145206928253174,NOGESTURE,0.7450154208301211,0.7,NOGESTURE
101,5.05,5.193109512329102,GESTURE,0.8534367372701039,0.7,GESTURE
102,5.1,5.239522457122803,NOGESTURE,0.7102385917792636,0.7,NOGESTURE
103,5.15,5.287522554397583,NOGESTURE,0.808161184730782,0.7,NOGESTURE
104,5.2,5.335522413253784,NOGESTURE,0.8386198538151215,0.7,NOGESTURE
105,5.25,5.3835225105285645,NOGESTURE,0.7683029735291639,0.7,NOGESTURE
106,5.3,5.430522680282593,NOGESTURE,0.7788760341183538,0.7,NOGESTURE
107,5.35,5.478522777557373,NOGESTURE,0.7969854433960513,0.7,NOGESTURE
108,5.4,5.525522470474243,NOGESTURE,0.785562501480672,0.7,NOGESTURE
109,5.45,5.573522567749023,NoGesture,0.0,0.7,NoGesture
110,5.5,5.621522665023804,NOGESTURE,0.7544497127276438,0.7,NOGESTURE
111,5.55,5.669523000717163,NOGESTURE,0.8207166931349689,0.7,NOGESTURE
112,5.6,5.717522621154785,NOGESTURE,0.752114163860273,0.7,NOGESTURE
113,5.65,5.7645227909088135,NOGESTURE,0.7286166381686577,0.7,NOGESTURE
114,5.7,5.811523199081421,NoGesture,0.0,0.7,NoGesture
115,5.75,5.85952353477478,NOGESTURE,0.7156027125398758,0.7,NOGESTURE
116,5.8,5.907522678375244,NOGESTURE,0.8087173776660272,0.7,NOGESTURE
117,5.85,5.955523252487183,NOGESTURE,0.7938003179881216,0.7,NOGESTURE
118,5.9,6.003522872924805,NOGESTURE,0.7518703097476365,0.7,NOGESTURE
119,5.95,6.049522876739502,NOGESTURE,0.7839003111405628,0.7,NOGESTURE
120,6.0,6.097522497177124,NOGESTURE,0.8049540648144441,0.7,NOGESTURE
121,6.05,6.144522666931152,NoGesture,0.0,0.7,NoGesture
122,6.1,6.192522287368774,NoGesture,0.0,0.7,NoGesture
123,6.15,6.239522933959961,NoGesture,0.0,0.7,NoGesture
124,6.2,6.2855236530303955,NoGesture,0.0,0.7,NoGesture
125,6.25,6.331522464752197,NOGESTURE,0.7559130108836133,0.7,NOGESTURE
126,6.3,6.379523038864136,NOGESTURE,0.7175016170149623,0.7,NOGESTURE
127,6.35,6.425522327423096,NoGesture,0.0,0.7,NoGesture
128,6.4,6.471522569656372,NOGESTURE,0.7754005483631462,0.7,NOGESTURE
129,6.45,6.517522573471069,NOGESTURE,0.7063134093503824,0.7,NOGESTURE
130,6.5,6.564522981643677,NOGESTURE,0.7075820211999698,0.7,NOGESTURE
131,6.55,6.611522912979126,NOGESTURE,0.7245894291639108,0.7,NOGESTURE
132,6.6,6.659524202346802,NOGESTURE,0.7462022468331571,0.7,NOGESTURE
133,6.65,6.707522869110107,NOGESTURE,0.7394391240562136,0.7,NOGESTURE
134,6.7,6.753523349761963,NOGESTURE,0.7394615005920799,0.7,NOGESTURE
135,6.75,6.799522876739502,NOGESTURE,0.7849436141717652,0.7,NOGESTURE
136,6.8,6.845522403717041,NOGESTURE,0.7966314825522018,0.7,NOGESTURE
137,6.85,6.893523454666138,NOGESTURE,0.7149900387871139,0.7,NOGESTURE
138,6.9,6.939522981643677,NOGESTURE,0.7755844739324009,0.7,NOGESTURE
139,6.95,6.986523628234863,NOGESTURE,0.746632644052105,0.7,NOGESTURE
140,7.0,7.034522533416748,NoGesture,0.0,0.7,NoGesture
141,7.05,7.081522703170776,NOGESTURE,0.7993099709548516,0.7,NOGESTURE
142,7.1,7.129523038864136,NOGESTURE,0.731270050175646,0.7,NOGESTURE
143,7.15,7.178522825241089,NOGESTURE,0.756803105547957,0.7,NOGESTURE
144,7.2,7.222522735595703,NoGesture,0.0,0.7,NoGesture
145,7.25,7.269525051116943,NOGESTURE,0.7502950281299243,0.7,NOGESTURE
146,7.3,7.316364049911499,NOGESTURE,0.8062876649181095,0.7,NOGESTURE
147,7.35,7.3643639087677,NoGesture,0.0,0.7,NoGesture
148,7.4,7.411364316940308,NoGesture,0.0,0.7,NoGesture
149,7.45,7.458363771438599,NoGesture,0.0,0.7,NoGesture
150,7.5,7.506363868713379,GESTURE,0.8906402027072873,0.7,GESTURE
151,7.55,7.553364038467407,GESTURE,0.8537272477406463,0.7,GESTURE
152,7.6,7.601364374160767,NoGesture,0.0,0.7,NoGesture
153,7.65,7.649364471435547,NoGesture,0.0,0.7,NoGesture
154,7.7,7.696363687515259,GESTURE,0.7939542264214009,0.7,GESTURE
155,7.75,7.7433648109436035,NoGesture,0.0,0.7,NoGesture
156,7.8,7.789364337921143,NoGesture,0.0,0.7,NoGesture
157,7.85,7.837363958358765,NoGesture,0.0,0.7,NoGesture
158,7.9,7.884365558624268,NoGesture,0.0,0.7,NoGesture
159,7.95,7.931364059448242,NoGesture,0.0,0.7,NoGesture
160,8.0,7.978363990783691,NoGesture,0.0,0.7,NoGesture
161,8.05,8.02536392211914,NoGesture,0.0,0.7,NoGesture
162,8.1,8.07236361503601,NoGesture,0.0,0.7,NoGesture
163,8.15,8.120364904403687,GESTURE,0.7240636175225857,0.7,GESTURE
164,8.2,8.16836428642273,NoGesture,0.0,0.7,NoGesture
165,8.25,8.216363668441772,GESTURE,0.8696541494472417,0.7,GESTURE
166,8.3,8.262363910675049,GESTURE,0.7498274620068279,0.7,GESTURE
167,8.35,8.310364246368408,GESTURE,0.7130642023096115,0.7,GESTURE
168,8.4,8.35836386680603,NOGESTURE,0.8404704668839121,0.7,NOGESTURE
169,8.45,8.405364751815796,NOGESTURE,0.8456862674486793,0.7,NOGESTURE
170,8.5,8.451364278793335,NoGesture,0.0,0.7,NoGesture
171,8.55,8.496364116668701,NoGesture,0.0,0.7,NoGesture
172,8.6,8.54336428642273,NOGESTURE,0.7981360266510918,0.7,NOGESTURE
173,8.65,8.591363906860352,NoGesture,0.0,0.7,NoGesture
174,8.7,8.637364149093628,NOGESTURE,0.7249560524438027,0.7,NOGESTURE
175,8.75,8.683364868164062,NoGesture,0.0,0.7,NoGesture
176,8.8,8.731363773345947,NoGesture,0.0,0.7,NoGesture
177,8.85,8.779364585876465,NOGESTURE,0.7262012164239134,0.7,NOGESTURE
178,8.9,8.826364278793335,NOGESTURE,0.747290853501291,0.7,NOGESTURE
179,8.95,8.872365236282349,NOGESTURE,0.7448630921617754,0.7,NOGESTURE
180,9.0,8.91836404800415,NoGesture,0.0,0.7,NoGesture
181,9.05,8.965364456176758,NOGESTURE,0.7498729551121468,0.7,NOGESTURE
182,9.1,9.011364459991455,NoGesture,0.0,0.7,NoGesture
183,9.15,9.059365510940552,NOGESTURE,0.7012865686410933,0.7,NOGESTURE
184,9.2,9.106363773345947,NoGesture,0.0,0.7,NoGesture
185,9.25,9.153364419937134,NoGesture,0.0,0.7,NoGesture
186,9.3,9.200363874435425,NOGESTURE,0.7022343846424526,0.7,NOGESTURE
187,9.35,9.247363805770874,NoGesture,0.0,0.7,NoGesture
188,9.4,9.294363975524902,NoGesture,0.0,0.7,NoGesture
189,9.45,9.342366695404053,NoGesture,0.0,0.7,NoGesture
190,9.5,9.389000415802002,NoGesture,0.0,0.7,NoGesture
191,9.55,9.435380458831787,GESTURE,0.7339596689423797,0.7,GESTURE
192,9.6,9.483380317687988,GESTURE,0.7031850882490295,0.7,GESTURE
193,9.65,9.531380891799927,GESTURE,0.8515583017279419,0.7,GESTURE
194,9.7,9.578380346298218,GESTURE,0.8728009485718957,0.7,GESTURE
195,9.75,9.626382827758789,GESTURE,0.8885334576465423,0.7,GESTURE
196,9.8,9.693382501602173,GESTURE,0.8871005600503129,0.7,GESTURE
197,9.85,9.737380743026733,GESTURE,0.7050581465750807,0.7,GESTURE
198,9.9,9.785380601882935,GESTURE,0.7126142176450186,0.7,GESTURE
199,9.95,9.833380460739136,NoGesture,0.0,0.7,NoGesture
200,10.0,9.88038182258606,GESTURE,0.7250389378185217,0.7,GESTURE
201,10.05,9.927380084991455,GESTURE,0.7037529413165721,0.7,GESTURE
202,10.1,9.975428581237793,GESTURE,0.8198453214203357,0.7,GESTURE
203,10.15,10.022380590438843,NoGesture,0.0,0.7,NoGesture
204,10.2,10.070381164550781,GESTURE,0.8145343174983827,0.7,GESTURE
205,10.25,10.117380619049072,GESTURE,0.8993646581870635,0.7,GESTURE
206,10.3,10.165380477905273,NoGesture,0.0,0.7,NoGesture
207,10.35,10.213380575180054,NOGESTURE,0.8838109729599911,0.7,NOGESTURE
208,10.4,10.261380910873413,NOGESTURE,0.837057517983131,0.7,NOGESTURE
209,10.45,10.309381484985352,NoGesture,0.0,0.7,NoGesture
210,10.5,10.357380390167236,NoGesture,0.0,0.7,NoGesture
211,10.55,10.405380249023438,NoGesture,0.0,0.7,NoGesture
212,10.6,10.453380584716797,NoGesture,0.0,0.7,NoGesture
213,10.65,10.501380681991577,NoGesture,0.0,0.7,NoGesture
214,10.7,10.549381494522095,NoGesture,0.0,0.7,NoGesture
215,10.75,10.597381353378296,NoGesture,0.0,0.7,NoGesture
216,10.8,10.645381450653076,NoGesture,0.0,0.7,NoGesture
217,10.85,10.693381786346436,NoGesture,0.0,0.7,NoGesture
218,10.9,10.741380214691162,NOGESTURE,0.7127530246075945,0.7,NOGESTURE
219,10.95,10.789381265640259,NoGesture,0.0,0.7,NoGesture
220,11.0,10.837382316589355,NoGesture,0.0,0.7,NoGesture
221,11.05,10.885383605957031,NoGesture,0.0,0.7,NoGesture
222,11.1,10.933380842208862,NoGesture,0.0,0.7,NoGesture
223,11.15,10.981382369995117,NOGESTURE,0.7416928358441712,0.7,NOGESTURE
224,11.2,11.029382705688477,NoGesture,0.0,0.7,NoGesture
225,11.25,11.075382709503174,NoGesture,0.0,0.7,NoGesture
226,11.3,11.123382329940796,NoGesture,0.0,0.7,NoGesture
227,11.35,11.171382665634155,NoGesture,0.0,0.7,NoGesture
228,11.4,11.219383239746094,NoGesture,0.0,0.7,NoGesture
229,11.45,11.267383098602295,NoGesture,0.0,0.7,NoGesture
230,11.5,11.315381288528442,NoGesture,0.0,0.7,NoGesture
231,11.55,11.362380266189575,NoGesture,0.0,0.7,NoGesture
232,11.6,11.409380912780762,NoGesture,0.0,0.7,NoGesture
233,11.65,11.45538067817688,NoGesture,0.0,0.7,NoGesture
234,11.7,11.50204849243164,NoGesture,0.0,0.7,NoGesture
235,11.75,11.549694538116455,NoGesture,0.0,0.7,NoGesture
236,11.8,11.59669280052185,NoGesture,0.0,0.7,NoGesture
237,11.85,11.643693208694458,NoGesture,0.0,0.7,NoGesture
238,11.9,11.688692808151245,NoGesture,0.0,0.7,NoGesture
239,11.95,11.736692905426025,NoGesture,0.0,0.7,NoGesture
240,12.0,11.784693241119385,NoGesture,0.0,0.7,NoGesture
241,12.05,11.832693338394165,NoGesture,0.0,0.7,NoGesture
242,12.1,11.87969446182251,NoGesture,0.0,0.7,NoGesture
243,12.15,11.927692890167236,NoGesture,0.0,0.7,NoGesture
244,12.2,11.97569489479065,NoGesture,0.0,0.7,NoGesture
245,12.25,12.022692918777466,NoGesture,0.0,0.7,NoGesture
246,12.3,12.070693254470825,NoGesture,0.0,0.7,NoGesture
247,12.35,12.118693113327026,NoGesture,0.0,0.7,NoGesture
248,12.4,12.165694952011108,NOGESTURE,0.7660324830273687,0.7,NOGESTURE
249,12.45,12.213693380355835,NOGESTURE,0.725677473479931,0.7,NOGESTURE
250,12.5,12.26169466972351,NoGesture,0.0,0.7,NoGesture
251,12.55,12.309693574905396,NoGesture,0.0,0.7,NoGesture
252,12.6,12.357694149017334,NoGesture,0.0,0.7,NoGesture
253,12.65,12.405693531036377,NoGesture,0.0,0.7,NoGesture
254,12.7,12.453693151473999,NOGESTURE,0.7544226782508893,0.7,NOGESTURE
255,12.75,12.501695394515991,NoGesture,0.0,0.7,NoGesture
256,12.8,12.54969310760498,NoGesture,0.0,0.7,NoGesture
257,12.85,12.596693754196167,NoGesture,0.0,0.7,NoGesture
258,12.9,12.643693685531616,NoGesture,0.0,0.7,NoGesture
259,12.95,12.69169545173645,NOGESTURE,0.7022972276095135,0.7,NOGESTURE
260,13.0,12.739693880081177,NOGESTURE,0.7661248572991264,0.7,NOGESTURE
261,13.05,12.786693096160889,NOGESTURE,0.7650536508125116,0.7,NOGESTURE
262,13.1,12.833693027496338,NoGesture,0.0,0.7,NoGesture
263,13.15,12.880695104598999,NoGesture,0.0,0.7,NoGesture
264,13.2,12.928692817687988,NoGesture,0.0,0.7,NoGesture
265,13.25,12.975712299346924,NoGesture,0.0,0.7,NoGesture
266,13.3,13.022692918777466,GESTURE,0.7575205261640382,0.7,GESTURE
267,13.35,13.068693399429321,NoGesture,0.0,0.7,NoGesture
268,13.4,13.115694046020508,NoGesture,0.0,0.7,NoGesture
269,13.45,13.161694526672363,GESTURE,0.7431508190961535,0.7,GESTURE
270,13.5,13.206693172454834,NoGesture,0.0,0.7,NoGesture
271,13.55,13.254693031311035,NoGesture,0.0,0.7,NoGesture
272,13.6,13.302693367004395,GESTURE,0.7214221246108136,0.7,GESTURE
273,13.65,13.350693464279175,NoGesture,0.0,0.7,NoGesture
274,13.7,13.398694038391113,GESTURE,0.7998048705914762,0.7,GESTURE
275,13.75,13.446693420410156,GESTURE,0.808476037655751,0.7,GESTURE
276,13.8,13.4946928024292,NoGesture,0.0,0.7,NoGesture
277,13.85,13.542693138122559,GESTURE,0.7525125612142498,0.7,GESTURE
278,13.9,13.589685916900635,GESTURE,0.7812353297962841,0.7,GESTURE
279,13.95,13.636839389801025,NoGesture,0.0,0.7,NoGesture
280,14.0,13.683839559555054,GESTURE,0.7516966995464146,0.7,GESTURE
281,14.05,13.729839563369751,NoGesture,0.0,0.7,NoGesture
282,14.1,13.777838945388794,NoGesture,0.0,0.7,NoGesture
283,14.15,13.825839281082153,GESTURE,0.7370775772032129,0.7,GESTURE
284,14.2,13.872840404510498,NoGesture,0.0,0.7,NoGesture
285,14.25,13.918839454650879,NoGesture,0.0,0.7,NoGesture
286,14.3,13.96583890914917,NoGesture,0.0,0.7,NoGesture
287,14.35,14.010839223861694,NoGesture,0.0,0.7,NoGesture
288,14.4,14.05783987045288,NoGesture,0.0,0.7,NoGesture
289,14.45,14.105839014053345,NoGesture,0.0,0.7,NoGesture
290,14.5,14.152839422225952,NoGesture,0.0,0.7,NoGesture
291,14.55,14.19783902168274,NoGesture,0.0,0.7,NoGesture
292,14.6,14.244838953018188,NoGesture,0.0,0.7,NoGesture
293,14.65,14.291839838027954,NoGesture,0.0,0.7,NoGesture
294,14.7,14.339840173721313,NoGesture,0.0,0.7,NoGesture
295,14.75,14.386839628219604,NOGESTURE,0.7479858092055491,0.7,NOGESTURE
296,14.8,14.434839010238647,NoGesture,0.0,0.7,NoGesture
297,14.85,14.481838941574097,NoGesture,0.0,0.7,NoGesture
298,14.9,14.529839754104614,NoGesture,0.0,0.7,NoGesture
299,14.95,14.577838897705078,NoGesture,0.0,0.7,NoGesture
300,15.0,14.622839212417603,NoGesture,0.0,0.7,NoGesture
301,15.05,14.67084002494812,NoGesture,0.0,0.7,NoGesture
302,15.1,14.718839168548584,NoGesture,0.0,0.7,NoGesture
303,15.15,14.766839265823364,NoGesture,0.0,0.7,NoGesture
304,15.2,14.813838958740234,NoGesture,0.0,0.7,NoGesture
305,15.25,14.861839294433594,NoGesture,0.0,0.7,NoGesture
306,15.3,14.909839868545532,NoGesture,0.0,0.7,NoGesture
307,15.35,14.957840204238892,GESTURE,0.7444023856725932,0.7,GESTURE
308,15.4,15.004839420318604,GESTURE,0.863266752917148,0.7,GESTURE
309,15.45,15.052839040756226,GESTURE,0.7410873186177185,0.7,GESTURE
310,15.5,15.099839448928833,GESTURE,0.7123293401101695,0.7,GESTURE
311,15.55,15.145838975906372,GESTURE,0.7431972558642739,0.7,GESTURE
312,15.6,15.1928391456604,GESTURE,0.7559633895542858,0.7,GESTURE
313,15.65,15.240840435028076,GESTURE,0.8414338687607646,0.7,GESTURE
314,15.7,15.288840055465698,NoGesture,0.0,0.7,NoGesture
315,15.75,15.33583927154541,NoGesture,0.0,0.7,NoGesture
316,15.8,15.382840394973755,GESTURE,0.7509079918938228,0.7,GESTURE
317,15.85,15.430839776992798,GESTURE,0.7368173669864599,0.7,GESTURE
318,15.9,15.47883915901184,GESTURE,0.7603854472487018,0.7,GESTURE
319,15.95,15.525840759277344,GESTURE,0.7598983970221436,0.7,GESTURE
320,16.0,15.573839664459229,GESTURE,0.7854085938461031,0.7,GESTURE
321,16.05,15.6218421459198,NoGesture,0.0,0.7,NoGesture
322,16.1,15.669838905334473,NoGesture,0.0,0.7,NoGesture
323,16.15,15.71695065498352,NoGesture,0.0,0.7,NoGesture
324,16.2,15.764950275421143,NoGesture,0.0,0.7,NoGesture
325,16.25,15.812949895858765,NOGESTURE,0.791842832561524,0.7,NOGESTURE
326,16.3,15.860949993133545,NoGesture,0.0,0.7,NoGesture
327,16.35,15.908949851989746,NOGESTURE,0.7810563251706111,0.7,NOGESTURE
328,16.4,15.958951234817505,NOGESTURE,0.7723939739107331,0.7,NOGESTURE
329,16.45,16.004950284957886,NOGESTURE,0.7017316983202384,0.7,NOGESTURE
330,16.5,16.052950143814087,NoGesture,0.0,0.7,NoGesture
331,16.55,16.098950624465942,NoGesture,0.0,0.7,NoGesture
332,16.6,16.146950483322144,NoGesture,0.0,0.7,NoGesture
333,16.65,16.19295024871826,NoGesture,0.0,0.7,NoGesture
334,16.7,16.24095058441162,NoGesture,0.0,0.7,NoGesture
335,16.75,16.287951707839966,NoGesture,0.0,0.7,NoGesture
336,16.8,16.335949897766113,NoGesture,0.0,0.7,NoGesture
337,16.85,16.383950233459473,NOGESTURE,0.7313554821544774,0.7,NOGESTURE
338,16.9,16.431950092315674,NoGesture,0.0,0.7,NoGesture
339,16.95,16.478950262069702,NoGesture,0.0,0.7,NoGesture
340,17.0,16.52595019340515,NoGesture,0.0,0.7,NoGesture
341,17.05,16.573951482772827,GESTURE,0.7638872268764946,0.7,GESTURE
342,17.1,16.62195062637329,NoGesture,0.0,0.7,NoGesture
343,17.15,16.66995072364807,NoGesture,0.0,0.7,NoGesture
344,17.2,16.717950582504272,NoGesture,0.0,0.7,NoGesture
345,17.25,16.765950441360474,NoGesture,0.0,0.7,NoGesture
346,17.3,16.813950538635254,GESTURE,0.7448842842037157,0.7,GESTURE
347,17.35,16.85995054244995,NoGesture,0.0,0.7,NoGesture
348,17.4,16.907086610794067,GESTURE,0.78309588656168,0.7,GESTURE
349,17.45,16.954951286315918,GESTURE,0.8792343047088429,0.7,GESTURE
350,17.5,17.00295066833496,GESTURE,0.8676011428385656,0.7,GESTURE
351,17.55,17.049951314926147,GESTURE,0.8663526259641301,0.7,GESTURE
352,17.6,17.096952438354492,GESTURE,0.781527895048832,0.7,GESTURE
353,17.65,17.14495062828064,NoGesture,0.0,0.7,NoGesture
354,17.7,17.19295072555542,GESTURE,0.7937267361817231,0.7,GESTURE
355,17.75,17.240952491760254,GESTURE,0.8586306367252413,0.7,GESTURE
356,17.8,17.288952112197876,NoGesture,0.0,0.7,NoGesture
357,17.85,17.33695149421692,GESTURE,0.8360876598301515,0.7,GESTURE
358,17.9,17.383952140808105,GESTURE,0.8416235807137771,0.7,GESTURE
359,17.95,17.43395209312439,GESTURE,0.9681709690909177,0.7,GESTURE
360,18.0,17.479952335357666,GESTURE,0.9458090165187694,0.7,GESTURE
361,18.05,17.529951333999634,GESTURE,0.7949036575864926,0.7,GESTURE
362,18.1,17.57395076751709,NoGesture,0.0,0.7,NoGesture
363,18.15,17.618951082229614,NoGesture,0.0,0.7,NoGesture
364,18.2,17.66695213317871,NoGesture,0.0,0.7,NoGesture
365,18.25,17.712952136993408,NoGesture,0.0,0.7,NoGesture
366,18.3,17.760951042175293,NOGESTURE,0.73356025659478,0.7,NOGESTURE
367,18.35,17.808952808380127,NOGESTURE,0.736013955628107,0.7,NOGESTURE
368,18.4,17.85665535926819,NoGesture,0.0,0.7,NoGesture
369,18.45,17.90465545654297,NoGesture,0.0,0.7,NoGesture
370,18.5,17.951656579971313,NoGesture,0.0,0.7,NoGesture
371,18.55,17.998655080795288,NOGESTURE,0.7241907001811586,0.7,NOGESTURE
372,18.6,18.04565691947937,NOGESTURE,0.9052432506927077,0.7,NOGESTURE
373,18.65,18.093656063079834,NOGESTURE,0.8802287682935381,0.7,NOGESTURE
374,18.7,18.138718843460083,NoGesture,0.0,0.7,NoGesture
375,18.75,18.18565607070923,NoGesture,0.0,0.7,NoGesture
376,18.8,18.23265504837036,NoGesture,0.0,0.7,NoGesture
377,18.85,18.280656099319458,NOGESTURE,0.7925288098763752,0.7,NOGESTURE
378,18.9,18.327656745910645,NoGesture,0.0,0.7,NoGesture
379,18.95,18.37565565109253,NoGesture,0.0,0.7,NoGesture
380,19.0,18.423656702041626,NoGesture,0.0,0.7,NoGesture
381,19.05,18.47165608406067,NoGesture,0.0,0.7,NoGesture
382,19.1,18.519656896591187,NoGesture,0.0,0.7,NoGesture
383,19.15,18.56765604019165,NoGesture,0.0,0.7,NoGesture
384,19.2,18.614657163619995,GESTURE,0.823949615883669,0.7,GESTURE
385,19.25,18.662654876708984,GESTURE,0.8567407210873961,0.7,GESTURE
386,19.3,18.70865511894226,NoGesture,0.0,0.7,NoGesture
387,19.35,18.75665545463562,NoGesture,0.0,0.7,NoGesture
388,19.4,18.804656267166138,GESTURE,0.730865985708877,0.7,GESTURE
389,19.45,18.852655172348022,GESTURE,0.7043115307689417,0.7,GESTURE
390,19.5,18.900655269622803,NoGesture,0.0,0.7,NoGesture
391,19.55,18.946654558181763,NoGesture,0.0,0.7,NoGesture
392,19.6,18.99265456199646,NoGesture,0.0,0.7,NoGesture
393,19.65,19.039655923843384,GESTURE,0.756050328677246,0.7,GESTURE
394,19.7,19.086654901504517,GESTURE,0.8957420789314765,0.7,GESTURE
395,19.75,19.133654356002808,GESTURE,0.9477511448453704,0.7,GESTURE
396,19.8,19.17865538597107,GESTURE,0.9176313537202233,0.7,GESTURE
397,19.85,19.225654363632202,GESTURE,0.821676248017975,0.7,GESTURE
398,19.9,19.27265739440918,NoGesture,0.0,0.7,NoGesture
399,19.95,19.319656133651733,GESTURE,0.8248398264276605,0.7,GESTURE
400,20.0,19.36765432357788,GESTURE,0.7963785058886165,0.7,GESTURE
401,20.05,19.41565465927124,GESTURE,0.8515215530115705,0.7,GESTURE
402,20.1,19.46565556526184,GESTURE,0.893185903626571,0.7,GESTURE
403,20.15,19.511654376983643,GESTURE,0.8749686200246808,0.7,GESTURE
404,20.2,19.55865454673767,GESTURE,0.7924297812987845,0.7,GESTURE
405,20.25,19.606654405593872,GESTURE,0.9341008692446846,0.7,GESTURE
406,20.3,19.65465497970581,GESTURE,0.8384146163885033,0.7,GESTURE
407,20.35,19.70165467262268,GESTURE,0.8618524178620568,0.7,GESTURE
408,20.4,19.74865460395813,GESTURE,0.8131782146066956,0.7,GESTURE
409,20.45,19.796656370162964,GESTURE,0.7796748830820833,0.7,GESTURE
410,20.5,19.842655181884766,GESTURE,0.8569398431316652,0.7,GESTURE
411,20.55,19.890655040740967,GESTURE,0.7768771775247567,0.7,GESTURE
412,20.6,19.936418056488037,GESTURE,0.7431335478411103,0.7,GESTURE
413,20.65,19.98341393470764,GESTURE,0.7320278761491441,0.7,GESTURE
414,20.7,20.030414581298828,NoGesture,0.0,0.7,NoGesture
415,20.75,20.078412771224976,NoGesture,0.0,0.7,NoGesture
416,20.8,20.125412464141846,NoGesture,0.0,0.7,NoGesture
417,20.85,20.17241382598877,NoGesture,0.0,0.7,NoGesture
418,20.9,20.219414234161377,NOGESTURE,0.8339419491509538,0.7,NOGESTURE
419,20.95,20.267412424087524,NoGesture,0.0,0.7,NoGesture
420,21.0,20.31541419029236,NoGesture,0.0,0.7,NoGesture
421,21.05,20.363412857055664,NOGESTURE,0.7004335595489046,0.7,NOGESTURE
422,21.1,20.41041398048401,NoGesture,0.0,0.7,NoGesture
423,21.15,20.45641279220581,NOGESTURE,0.7915634349116739,0.7,NOGESTURE
424,21.2,20.506412982940674,NoGesture,0.0,0.7,NoGesture
425,21.25,20.552414178848267,NoGesture,0.0,0.7,NoGesture
426,21.3,20.60041308403015,NoGesture,0.0,0.7,NoGesture
427,21.35,20.65041208267212,NOGESTURE,0.7895375124341616,0.7,NOGESTURE
428,21.4,20.696412801742554,NoGesture,0.0,0.7,NoGesture
429,21.45,20.743412494659424,NoGesture,0.0,0.7,NoGesture
430,21.5,20.791412591934204,NoGesture,0.0,0.7,NoGesture
431,21.55,20.83841347694397,NoGesture,0.0,0.7,NoGesture
432,21.6,20.884414196014404,NoGesture,0.0,0.7,NoGesture
433,21.65,20.931413412094116,NoGesture,0.0,0.7,NoGesture
434,21.7,20.97841477394104,NoGesture,0.0,0.7,NoGesture
435,21.75,21.025413274765015,NoGesture,0.0,0.7,NoGesture
436,21.8,21.07341432571411,NoGesture,0.0,0.7,NoGesture
437,21.85,21.121412754058838,NoGesture,0.0,0.7,NoGesture
438,21.9,21.168412923812866,NoGesture,0.0,0.7,NoGesture
439,21.95,21.215412855148315,NoGesture,0.0,0.7,NoGesture
440,22.0,21.263412952423096,NOGESTURE,0.7449861607858332,0.7,NOGESTURE
441,22.05,21.311412572860718,NoGesture,0.0,0.7,NoGesture
442,22.1,21.35941457748413,NoGesture,0.0,0.7,NoGesture
443,22.15,21.406412601470947,NoGesture,0.0,0.7,NoGesture
444,22.2,21.453412532806396,NoGesture,0.0,0.7,NoGesture
445,22.25,21.499412775039673,NoGesture,0.0,0.7,NoGesture
446,22.3,21.547412872314453,NoGesture,0.0,0.7,NoGesture
447,22.35,21.595412731170654,NOGESTURE,0.7556729463947035,0.7,NOGESTURE
448,22.4,21.643412828445435,NOGESTURE,0.7387643231329187,0.7,NOGESTURE
449,22.45,21.691414833068848,NOGESTURE,0.72260022035947,0.7,NOGESTURE
450,22.5,21.73641276359558,NOGESTURE,0.744704805911538,0.7,NOGESTURE
451,22.55,21.78341293334961,NOGESTURE,0.7597108827151003,0.7,NOGESTURE
452,22.6,21.83141279220581,NoGesture,0.0,0.7,NoGesture
453,22.65,21.879414081573486,NoGesture,0.0,0.7,NoGesture
454,22.7,21.92741560935974,NOGESTURE,0.7331952084918033,0.7,NOGESTURE
455,22.75,21.97541308403015,NoGesture,0.0,0.7,NoGesture
456,22.8,22.023549556732178,NoGesture,0.0,0.7,NoGesture
457,22.85,22.069550275802612,NoGesture,0.0,0.7,NoGesture
458,22.9,22.117549657821655,NoGesture,0.0,0.7,NoGesture
459,22.95,22.165549755096436,NoGesture,0.0,0.7,NoGesture
460,23.0,22.212552309036255,NoGesture,0.0,0.7,NoGesture
461,23.05,22.25955033302307,NoGesture,0.0,0.7,NoGesture
462,23.1,22.307549953460693,NoGesture,0.0,0.7,NoGesture
463,23.15,22.35555148124695,NoGesture,0.0,0.7,NoGesture
464,23.2,22.403550148010254,NoGesture,0.0,0.7,NoGesture
465,23.25,22.451550006866455,NoGesture,0.0,0.7,NoGesture
466,23.3,22.498549699783325,NoGesture,0.0,0.7,NoGesture
467,23.35,22.54655122756958,NoGesture,0.0,0.7,NoGesture
468,23.4,22.594549417495728,NoGesture,0.0,0.7,NoGesture
469,23.45,22.642549514770508,NoGesture,0.0,0.7,NoGesture
470,23.5,22.689549922943115,NoGesture,0.0,0.7,NoGesture
471,23.55,22.737550020217896,NOGESTURE,0.7285934404168165,0.7,NOGESTURE
472,23.6,22.785549879074097,GESTURE,0.8116423421180926,0.7,GESTURE
473,23.65,22.832550048828125,GESTURE,0.7519441011987079,0.7,GESTURE
474,23.7,22.87955141067505,NoGesture,0.0,0.7,NoGesture
475,23.75,22.926549673080444,NOGESTURE,0.7431136074974436,0.7,NOGESTURE
476,23.8,22.973549842834473,NoGesture,0.0,0.7,NoGesture
477,23.85,23.019550323486328,NoGesture,0.0,0.7,NoGesture
478,23.9,23.06754970550537,NoGesture,0.0,0.7,NoGesture
479,23.95,23.11454939842224,NoGesture,0.0,0.7,NoGesture
480,24.0,23.159549713134766,NoGesture,0.0,0.7,NoGesture
481,24.05,23.206549644470215,NoGesture,0.0,0.7,NoGesture
482,24.1,23.253549814224243,NoGesture,0.0,0.7,NoGesture
483,24.15,23.301549673080444,NoGesture,0.0,0.7,NoGesture
484,24.2,23.34955096244812,NoGesture,0.0,0.7,NoGesture
485,24.25,23.3975510597229,NoGesture,0.0,0.7,NoGesture
486,24.3,23.445549726486206,NoGesture,0.0,0.7,NoGesture
487,24.35,23.492550373077393,NOGESTURE,0.7114116858383884,0.7,NOGESTURE
488,24.4,23.53955054283142,NOGESTURE,0.7701935216985736,0.7,NOGESTURE
489,24.45,23.586549997329712,NoGesture,0.0,0.7,NoGesture
490,24.5,23.633549451828003,NoGesture,0.0,0.7,NoGesture
491,24.55,23.68055009841919,GESTURE,0.8606521481676608,0.7,GESTURE
492,24.6,23.72754979133606,NoGesture,0.0,0.7,NoGesture
493,24.65,23.774549961090088,NoGesture,0.0,0.7,NoGesture
494,24.7,23.82254981994629,NoGesture,0.0,0.7,NoGesture
495,24.75,23.870551109313965,NoGesture,0.0,0.7,NoGesture
496,24.8,23.917550325393677,NoGesture,0.0,0.7,NoGesture
497,24.85,23.964550733566284,NOGESTURE,0.7274206190649449,0.7,NOGESTURE
498,24.9,24.011549711227417,NoGesture,0.0,0.7,NoGesture
499,24.95,24.059551239013672,NoGesture,0.0,0.7,NoGesture
500,25.0,24.106863737106323,NOGESTURE,0.7137959045541767,0.7,NOGESTURE
501,25.05,24.15345597267151,NoGesture,0.0,0.7,NoGesture
502,25.1,24.20145606994629,NoGesture,0.0,0.7,NoGesture
503,25.15,24.249456644058228,NoGesture,0.0,0.7,NoGesture
504,25.2,24.29745602607727,NoGesture,0.0,0.7,NoGesture
505,25.25,24.345458030700684,NoGesture,0.0,0.7,NoGesture
506,25.3,24.3924560546875,NoGesture,0.0,0.7,NoGesture
507,25.35,24.44045615196228,NOGESTURE,0.7814268063891057,0.7,NOGESTURE
508,25.4,24.50945544242859,NoGesture,0.0,0.7,NoGesture
509,25.45,24.55245614051819,NoGesture,0.0,0.7,NoGesture
510,25.5,24.60045599937439,NOGESTURE,0.8481327918356689,0.7,NOGESTURE
511,25.55,24.64845609664917,NOGESTURE,0.8235221848466886,0.7,NOGESTURE
512,25.6,24.69545578956604,NOGESTURE,0.8051036399350209,0.7,NOGESTURE
513,25.65,24.742456197738647,NoGesture,0.0,0.7,NoGesture
514,25.7,24.790456295013428,NoGesture,0.0,0.7,NoGesture
515,25.75,24.83845591545105,NOGESTURE,0.8838619378791307,0.7,NOGESTURE
516,25.8,24.88445734977722,NOGESTURE,0.8811534591930464,0.7,NOGESTURE
517,25.85,24.931456565856934,NOGESTURE,0.7457147047731093,0.7,NOGESTURE
518,25.9,24.979456424713135,NOGESTURE,0.91852760018201,0.7,NOGESTURE
519,25.95,25.027457237243652,NOGESTURE,0.8164399869634429,0.7,NOGESTURE
520,26.0,25.074456214904785,NOGESTURE,0.8717139042856135,0.7,NOGESTURE
521,26.05,25.12145686149597,NOGESTURE,0.8911366389654082,0.7,NOGESTURE
522,26.1,25.169456243515015,NOGESTURE,0.7231389037571869,0.7,NOGESTURE
523,26.15,25.206456184387207,NOGESTURE,0.8894768689775908,0.7,NOGESTURE
524,26.2,25.245455980300903,NOGESTURE,0.8964113130491038,0.7,NOGESTURE
525,26.25,25.282456159591675,NOGESTURE,0.9225430685084522,0.7,NOGESTURE
526,26.3,25.31845760345459,NOGESTURE,0.8440956946466815,0.7,NOGESTURE
527,26.35,25.356457710266113,NOGESTURE,0.9412906803183512,0.7,NOGESTURE
528,26.4,25.393455982208252,NOGESTURE,0.9338418604024896,0.7,NOGESTURE
529,26.45,25.430456399917603,NOGESTURE,0.9697997597844051,0.7,NOGESTURE
530,26.5,25.466455936431885,NOGESTURE,0.9020861964828246,0.7,NOGESTURE
531,26.55,25.510456323623657,NOGESTURE,0.9448172053416635,0.7,NOGESTURE
532,26.6,25.55845618247986,NOGESTURE,0.9428281275338825,0.7,NOGESTURE
533,26.65,25.605456352233887,NOGESTURE,0.9008232209838799,0.7,NOGESTURE
534,26.7,25.64845848083496,NOGESTURE,0.8082660744840698,0.7,NOGESTURE
535,26.75,25.687456846237183,NOGESTURE,0.8260505355754694,0.7,NOGESTURE
536,26.8,25.731456756591797,NOGESTURE,0.9286476610391432,0.7,NOGESTURE
537,26.85,25.778456449508667,NOGESTURE,0.9256008504860505,0.7,NOGESTURE
538,26.9,25.826456308364868,NOGESTURE,0.7950636546209953,0.7,NOGESTURE
539,26.95,25.86245632171631,NOGESTURE,0.7257271006819858,0.7,NOGESTURE
540,27.0,25.90545630455017,NOGESTURE,0.9179638379861285,0.7,NOGESTURE
541,27.05,25.953455924987793,NOGESTURE,0.7533770840213664,0.7,NOGESTURE
542,27.1,26.000457525253296,NOGESTURE,0.7680792675009532,0.7,NOGESTURE
543,27.15,26.046456336975098,NOGESTURE,0.704218103920757,0.7,NOGESTURE
544,27.2,26.093456029891968,NOGESTURE,0.8547228638871018,0.7,NOGESTURE
545,27.25,26.14045739173889,NOGESTURE,0.7012323325026915,0.7,NOGESTURE
546,27.3,26.1854887008667,NOGESTURE,0.908043020451691,0.7,NOGESTURE
547,27.35,26.233391284942627,NOGESTURE,0.8383967267708574,0.7,NOGESTURE
548,27.4,26.278391122817993,NOGESTURE,0.8261455156888177,0.7,NOGESTURE
549,27.45,26.315394163131714,NOGESTURE,0.8559304683361767,0.7,NOGESTURE
550,27.5,26.356391429901123,NOGESTURE,0.892716324896221,0.7,NOGESTURE
551,27.55,26.40239119529724,NOGESTURE,0.9024625417242925,0.7,NOGESTURE
